Country Name,Country Code,Indicator Name,Indicator Code,1960,1961,1962,1963,1964,1965,1966,1967,1968,1969,1970,1971,1972,1973,1974,1975,1976,1977,1978,1979,1980,1981,1982,1983,1984,1985,1986,1987,1988,1989,1990,1991,1992,1993,1994,1995,1996,1997,1998,1999,2000,2001,2002,2003,2004,2005,2006,2007,2008,2009,2010,2011,2012,2013,2014,2015,2016,2017,2018,2019,2020,2021,2022,2023
Aruba,ABW,Net ODA received (% of central government expense),DT.ODA.ODAT.XP.ZS,,,,,,,,,,,,,,,,,,,,,,,,,,,,,,,,,,,,,,,,,,,,,,,,,,,,,,,,,,,,,,,,
Africa Eastern and Southern,AFE,Net ODA received (% of central government expense),DT.ODA.ODAT.XP.ZS,,,,,,,,,,,,,,,,,,,,,,,,,,,,,,,,,,,,,,,,,,,,,,,,,,,,,,,,,,,,,,,,
Afghanistan,AFG,Net ODA received (% of central government expense),DT.ODA.ODAT.XP.ZS,,,,,,,,,,,,,,,,,,,,,,,,,,,,,,,,,,,,,,,,,,,,,,,201.8477549,192.1280358,90.60014981,104.7972021,77.31162016,63.69119689,79.11555415,60.75844082,54.08344146,60.3365575,51.14058916,51.82426315,,,,,,
Africa Western and Central,AFW,Net ODA received (% of central government expense),DT.ODA.ODAT.XP.ZS,,,,,,,,,,,,,,,,,,,,,,,,,,,,,,,,,,,,,,,,,,,,,,,,,,,,,,,,,,,,,,,,
Angola,AGO,Net ODA received (% of central government expense),DT.ODA.ODAT.XP.ZS,,,,,,,,,,,,,,,,,,,,,,,,,,,,,,,,,,,,,,,,32.04929132,15.16363025,10.90412246,12.82315175,10.69553698,30.09979865,5.385874915,1.640203672,1.618123129,1.748701199,1.219274937,1.094125675,0.647106511,0.81127098,0.764869629,0.619018545,2.017271752,2.235092807,1.816363353,1.311571459,0.176849143,,,,
Albania,ALB,Net ODA received (% of central government expense),DT.ODA.ODAT.XP.ZS,,,,,,,,,,,,,,,,,,,,,,,,,,,,,,,,,,,,29.15208711,33.6048335,29.11614881,35.14607698,,,,28.46698073,27.18133321,18.37608891,,,,,,,12.79301354,12.31823495,8.746176802,8.717436501,12.04030639,6.019238062,5.417547892,9.769689287,0.759193984,8.255173737,14.39753435,,
Andorra,AND,Net ODA received (% of central government expense),DT.ODA.ODAT.XP.ZS,,,,,,,,,,,,,,,,,,,,,,,,,,,,,,,,,,,,,,,,,,,,,,,,,,,,,,,,,,,,,,,,
Arab World,ARB,Net ODA received (% of central government expense),DT.ODA.ODAT.XP.ZS,,,,,,,,,,,,,,,,,,,,,,,,,,,,,,,,,,,,,,,,,,,,,,,,,,,,,,,,,,,,,,,,
United Arab Emirates,ARE,Net ODA received (% of central government expense),DT.ODA.ODAT.XP.ZS,,,,,,,,,,,,,,,,,,,,,,,,,,,,,,,,,,,,,,,,,,,,,,,,,,,,,,,,,,,,,,,,
Argentina,ARG,Net ODA received (% of central government expense),DT.ODA.ODAT.XP.ZS,,,,,,,,,,,,,,,,,,,,,,,,,,,,,,,1.175928009,1.306590256,0.98794559,0.727423586,0.419492912,0.37022877,0.296658839,0.225742264,0.163854523,0.173533136,0.155853815,0.345263359,0.514786808,0.465116017,0.350292117,,,,,,,,,,0.037729404,-0.012686803,0.001794994,-0.000748612,0.061493248,0.009009888,0.102059252,0.139362174,0.277062343,
Armenia,ARM,Net ODA received (% of central government expense),DT.ODA.ODAT.XP.ZS,,,,,,,,,,,,,,,,,,,,,,,,,,,,,,,,,,,,,,,,,,,,,42.23260629,19.41162795,19.67355644,16.96073182,9.217469786,13.42822672,15.04117102,16.42685794,11.92033104,11.13606334,9.603069284,13.1294769,12.03840521,9.872607112,5.156497962,14.08203186,3.766896166,4.673396853,7.273109494,
American Samoa,ASM,Net ODA received (% of central government expense),DT.ODA.ODAT.XP.ZS,,,,,,,,,,,,,,,,,,,,,,,,,,,,,,,,,,,,,,,,,,,,,,,,,,,,,,,,,,,,,,,,
Antigua and Barbuda,ATG,Net ODA received (% of central government expense),DT.ODA.ODAT.XP.ZS,,,,,,,,,,,,,,,,,,,,,,,,,,,,,,,,,,,,,,,,,,,,,,,,,,,,,,,,,,,,,,,,
Australia,AUS,Net ODA received (% of central government expense),DT.ODA.ODAT.XP.ZS,,,,,,,,,,,,,,,,,,,,,,,,,,,,,,,,,,,,,,,,,,,,,,,,,,,,,,,,,,,,,,,,
Austria,AUT,Net ODA received (% of central government expense),DT.ODA.ODAT.XP.ZS,,,,,,,,,,,,,,,,,,,,,,,,,,,,,,,,,,,,,,,,,,,,,,,,,,,,,,,,,,,,,,,,
Azerbaijan,AZE,Net ODA received (% of central government expense),DT.ODA.ODAT.XP.ZS,,,,,,,,,,,,,,,,,,,,,,,,,,,,,,,,,,,36.52706108,24.94140057,19.18985156,28.63634781,14.42322006,19.63543889,,,,,,,,,2.040086242,1.742684182,1.416944148,2.361287332,1.855193751,-0.456422972,1.303406297,0.528847449,0.771293473,1.081150592,0.866992288,1.017968135,0.848245883,0.065582424,0.260138183,
Burundi,BDI,Net ODA received (% of central government expense),DT.ODA.ODAT.XP.ZS,,,,,,,,,,,,,,,,,,,,,,,,,,,,,,,,121.9088749,137.6638993,94.17262762,143.000568,143.9522379,74.67400684,31.74070906,40.51099635,51.4593129,,,,,,,,,,,144.1826934,127.9753908,125.2326045,133.9551624,112.4616691,63.54199904,159.5194168,90.43136442,,129.4217277,102.776821,144.8835385,,
Belgium,BEL,Net ODA received (% of central government expense),DT.ODA.ODAT.XP.ZS,,,,,,,,,,,,,,,,,,,,,,,,,,,,,,,,,,,,,,,,,,,,,,,,,,,,,,,,,,,,,,,,
Benin,BEN,Net ODA received (% of central government expense),DT.ODA.ODAT.XP.ZS,,,,,,,,,,,,,,,,,,,,,,,,,,,,,,,,,,,,,,,,,,,,,,,,,,,,,,,,,,,,,,,,
Burkina Faso,BFA,Net ODA received (% of central government expense),DT.ODA.ODAT.XP.ZS,,,,,,,,,,,,,,,,,,,,,,,,,,,,,,,,,,,,,,,,,,,122.2278587,122.5855016,116.6542078,111.3195193,121.9857348,82.2468501,80.76948657,80.90853591,97.53019176,73.6575838,70.9965477,63.02591509,62.55888634,63.9358974,54.53433601,34.20366153,43.02407181,37.92806034,56.85508026,44.97352254,35.60303419,
Bangladesh,BGD,Net ODA received (% of central government expense),DT.ODA.ODAT.XP.ZS,,,,,,,,,,,,,,,,,,,,,,,,,,,,,,,,,,,,,,,,,,21.66245638,18.7064606,27.61491005,28.70449455,22.12447968,17.17576349,12.87577944,13.2207957,9.675540447,12.42618077,11.35484349,16.76406858,18.46762216,14.74351814,14.75366874,12.14549458,16.85221437,12.642572,15.08033406,17.63781797,14.68655072,,
Bulgaria,BGR,Net ODA received (% of central government expense),DT.ODA.ODAT.XP.ZS,,,,,,,,,,,,,,,,,,,,,,,,,,,,,,,,,,,,,,,,,,,,,,,,,,,,,,,,,,,,,,,,
Bahrain,BHR,Net ODA received (% of central government expense),DT.ODA.ODAT.XP.ZS,,,,,,,,,,,,,,,,,,,,,,,,,,,,,,,12.26862838,8.288454109,6.470754077,8.194343852,6.813666353,7.301404051,9.753444963,10.4080456,13.4892618,3.8823428,3.350291966,3.785123554,2.768964445,5.702097089,2.28575968,,,,,,,,,,,,,,,,,,,
"Bahamas, The",BHS,Net ODA received (% of central government expense),DT.ODA.ODAT.XP.ZS,,,,,,,,,,,,,,,,,,,,,,,,,,,,,,,0.598973207,0.508006624,0.503379567,0.215213352,0.17905103,0.737071838,,,,,,,,,,,,,,,,,,,,,,,,,,,,
Bosnia and Herzegovina,BIH,Net ODA received (% of central government expense),DT.ODA.ODAT.XP.ZS,,,,,,,,,,,,,,,,,,,,,,,,,,,,,,,,,,,,,,,,,,,,,,14.74879567,12.2758198,9.673469719,6.202560596,5.679093637,7.599132902,8.805216097,8.447581444,7.673061914,8.500682681,5.95570309,7.467715133,7.093134813,5.038585163,6.602652442,5.653431635,6.839756311,3.462022086,
Belarus,BLR,Net ODA received (% of central government expense),DT.ODA.ODAT.XP.ZS,,,,,,,,,,,,,,,,,,,,,,,,,,,,,,,,,,,,,,,,,,,,,,0.634767202,0.624006854,0.544432886,0.538845986,0.607633214,0.788162315,0.762178964,0.566963227,0.502059911,0.558302668,0.658990943,-0.158916022,-1.559044424,0.704855692,1.150821453,1.77411908,0.719361212,0.078204771,
Belize,BLZ,Net ODA received (% of central government expense),DT.ODA.ODAT.XP.ZS,,,,,,,,,,,,,,,,,,,,,,,,,,,,,,,44.15641112,28.8784247,27.71656197,28.15766901,26.24633222,16.28322251,17.53018659,10.89640146,10.96271052,32.54924551,10.86185245,13.30454317,13.2184483,5.980666743,2.490734027,4.271736474,2.490559722,6.95105701,7.37408935,7.844321244,7.016282635,5.757759815,7.461156469,13.3547607,9.036202254,6.252417334,7.338390767,6.754673683,,,,,,
Bermuda,BMU,Net ODA received (% of central government expense),DT.ODA.ODAT.XP.ZS,,,,,,,,,,,,,,,,,,,,,,,,,,,,,,,,,,,,,,,,,,,,,,,,,,,,,,,,,,,,,,,,
Bolivia,BOL,Net ODA received (% of central government expense),DT.ODA.ODAT.XP.ZS,,,,,,,,,,,,,,,,,,,,,,,,,,,53.01312886,53.31722514,76.0867564,78.60155813,70.21317622,61.55023384,66.27378157,46.77634174,47.49767561,57.08974021,54.56517835,40.26243589,32.8584056,30.59902561,24.68503815,34.24482733,26.38176308,33.45082612,29.60004194,21.88006015,29.4599676,14.84187816,,,,,,,,,,,,,,,,
Brazil,BRA,Net ODA received (% of central government expense),DT.ODA.ODAT.XP.ZS,,,,,,,,,,,,,,,,,,,,,,,,,,,,,,,,,,,,,,,,,,,,,,,,,,,0.068536936,0.102645062,0.169735764,0.151565782,0.116062134,0.150752176,0.102953361,0.036614822,0.065472414,0.041815691,0.107837141,0.209829896,0.086601897,
Barbados,BRB,Net ODA received (% of central government expense),DT.ODA.ODAT.XP.ZS,,,,,,,,,,,,,,,,,,,,,,,,,,,,,,,,,,,,,,,,,,,,2.455949987,3.410241895,-0.058690631,-0.078459375,1.367475642,0.627665194,0.774158135,1.001177344,,,,,,,,,,,,,
Brunei Darussalam,BRN,Net ODA received (% of central government expense),DT.ODA.ODAT.XP.ZS,,,,,,,,,,,,,,,,,,,,,,,,,,,,,,,,,,,,,,,,,,,,,,,,,,,,,,,,,,,,,,,,
Bhutan,BTN,Net ODA received (% of central government expense),DT.ODA.ODAT.XP.ZS,,,,,,,,,,,,,,,,,,,,,,,49.93907746,54.52787739,61.82635999,57.85157028,109.3376511,,59.64227061,65.66326214,67.23381414,112.6842482,115.9510445,148.0075393,137.410725,113.6936419,77.32892999,82.63337028,80.88377734,86.54344494,55.90253603,56.79133639,60.44205883,63.16589139,60.42754993,48.69163033,53.34677337,27.12712583,24.15713969,23.85797007,28.25811269,29.82039418,43.37417107,37.76675926,36.71542,24.82485836,12.42618507,25.96108195,21.54761469,39.2712068,34.26417787,,,
Botswana,BWA,Net ODA received (% of central government expense),DT.ODA.ODAT.XP.ZS,,,,,,,,,,,,,,,,,,,,,,,,,,,,,,,14.35827956,11.9402231,8.79790135,9.570003883,6.877742546,6.188991553,5.311108548,,,,,,,,,,2.289299366,3.206624159,18.86064218,7.134851678,3.651788365,2.632765106,1.66687813,2.551470676,2.204886136,1.550352923,2.242219034,2.251453427,1.734261154,1.404564228,1.55901997,1.811547697,1.755614967,
Central African Republic,CAF,Net ODA received (% of central government expense),DT.ODA.ODAT.XP.ZS,,,,,,,,,,,,,,,,,,,,,,,,,,,,,,,,,,,,,,,,,,,,,89.5300815,,,,111.9665247,64.74920574,74.55975321,81.87911411,110.990722,,389.8213351,308.5228256,307.7966099,284.7281383,285.1169391,306.3736713,256.1209425,224.6551362,,
Canada,CAN,Net ODA received (% of central government expense),DT.ODA.ODAT.XP.ZS,,,,,,,,,,,,,,,,,,,,,,,,,,,,,,,,,,,,,,,,,,,,,,,,,,,,,,,,,,,,,,,,
Central Europe and the Baltics,CEB,Net ODA received (% of central government expense),DT.ODA.ODAT.XP.ZS,,,,,,,,,,,,,,,,,,,,,,,,,,,,,,,,,,,,,,,,,,,,,,,,,,,,,,,,,,,,,,,,
Switzerland,CHE,Net ODA received (% of central government expense),DT.ODA.ODAT.XP.ZS,,,,,,,,,,,,,,,,,,,,,,,,,,,,,,,,,,,,,,,,,,,,,,,,,,,,,,,,,,,,,,,,
Channel Islands,CHI,Net ODA received (% of central government expense),DT.ODA.ODAT.XP.ZS,,,,,,,,,,,,,,,,,,,,,,,,,,,,,,,,,,,,,,,,,,,,,,,,,,,,,,,,,,,,,,,,
Chile,CHL,Net ODA received (% of central government expense),DT.ODA.ODAT.XP.ZS,,,,,,,,,,,,,0.992527328,0.890599585,0.389571379,5.355053429,0.3926802,0.282092052,0.087211263,-0.567969964,-0.107404708,0.006261677,-0.013664091,0.144115043,0.197578907,1.082616079,0.082113693,0.615425,1.035834691,1.296211303,1.95802509,1.928008566,1.791794724,2.18461505,1.703751217,1.447076745,1.589597017,0.961048315,0.761544806,0.503259446,0.320348023,0.389110115,-0.050078301,0.54309643,0.299943515,0.811240405,0.404611982,0.386519801,0.312856357,0.209378222,0.414731571,0.32894065,0.240732428,0.143796709,0.457617663,0.103577091,0.323423772,0.113930794,,,,,,
China,CHN,Net ODA received (% of central government expense),DT.ODA.ODAT.XP.ZS,,,,,,,,,,,,,,,,,,,,,,,,,,,,,,,,,,,,,,,,,,,,,,,,,,,,,,,,,,,,,,,,
Cote d'Ivoire,CIV,Net ODA received (% of central government expense),DT.ODA.ODAT.XP.ZS,,,,,,,,,,,,,,,,,,,,,,,,,,,,,,,,,,,,,,,,,,13.34589707,65.09899889,11.56876427,6.763107387,3.606995633,10.02346624,6.094133063,10.3944187,62.44970422,22.77194203,40.77214234,70.76250986,29.9890576,20.54945095,10.57343579,9.492913872,10.56359382,11.13191502,14.26284453,15.4645353,13.22203934,15.11893146,
Cameroon,CMR,Net ODA received (% of central government expense),DT.ODA.ODAT.XP.ZS,,,,,,,,,,,,,,,,,,,,,,,,,,,,,,,24.78978565,27.58081916,39.66049247,33.94055579,90.65550114,46.0799486,,,43.61148119,36.1073275,,,,,,,,,,,,,15.52839977,17.23518702,18.29541324,16.60011607,18.80229381,32.01953964,25.65776128,26.54316523,28.48207816,20.40435589,,
"Congo, Dem. Rep.",COD,Net ODA received (% of central government expense),DT.ODA.ODAT.XP.ZS,,,,,,,,,,,,,,,,,,,,,,,,,,,,,,,64.17624575,29.4943646,20.27845583,9.736521965,97.1442515,65.86499071,51.53405893,45.70880012,23.00851474,30.21098378,45.69560399,58.69645217,180.1146101,787.2529652,181.5951884,119.9125674,105.3774047,52.91389867,60.39113356,93.00262675,193.0004421,,68.29791812,60.38267588,54.48565336,54.62602503,45.8401572,77.93160785,53.46644305,67.97369364,76.47894157,70.68519081,37.06943641,
"Congo, Rep.",COG,Net ODA received (% of central government expense),DT.ODA.ODAT.XP.ZS,,,,,,,,,,,,,,,,,,,,,,,,,,,,,,,,,,,,,,,,,,12.2825386,7.025675838,10.11673709,8.673434013,99.92826481,18.01460372,6.23065433,26.2342078,20.18758105,92.96283896,16.39725337,6.795665101,7.728727328,4.642037921,4.794115291,4.638207775,5.633730431,6.040376013,7.789668269,10.57057936,8.530330875,,
Colombia,COL,Net ODA received (% of central government expense),DT.ODA.ODAT.XP.ZS,,,,,,,,,,,,,,,,,,,,,,,,,,,,,,,,,,,,,,,0.94253522,1.668214944,1.1966067,,,3.121282478,,,,,1.644863269,1.843653077,0.924787771,1.249114637,0.823556713,0.674222178,1.064568585,1.722854091,1.366963088,0.991351344,1.778012842,0.863977802,1.891601494,1.687480205,1.666131995,
Comoros,COM,Net ODA received (% of central government expense),DT.ODA.ODAT.XP.ZS,,,,,,,,,,,,,,,,,,,,,,,,,,,,,,,,,,,,,,,,,,,,,,,,,,,,,,,,,,,,,,,,
Cabo Verde,CPV,Net ODA received (% of central government expense),DT.ODA.ODAT.XP.ZS,,,,,,,,,,,,,,,,,,,,,,,,,,,,,,,,,,,,,,,,,,,,,,60.46918817,46.65383094,42.64840924,54.54508004,58.51959283,99.65040476,69.04645548,76.27324354,71.25166959,63.1989291,45.36908688,32.66139185,32.99787787,16.97890396,28.25506292,28.1137014,,,
Costa Rica,CRI,Net ODA received (% of central government expense),DT.ODA.ODAT.XP.ZS,,,,,,,,,,,,,,6.831857494,6.351969682,6.314901627,3.412786992,3.375571719,4.926367658,3.524645434,2.367774122,6.520572826,14.70421263,34.00875716,27.22032886,32.93029064,16.94525041,19.37472521,17.00724262,17.61591947,16.06408234,13.84733028,10.43181086,6.324247303,3.669477906,1.84790008,-0.007994996,0.138948626,1.033256668,0.109395195,0.769621013,0.392467974,0.324705011,0.980656989,0.614487943,0.718523052,0.649298232,1.13516921,1.15815457,1.482382132,1.048442279,0.327573718,0.232248727,0.242918564,0.392247564,0.690578157,0.630483422,0.645841535,0.550815155,0.292631745,1.036038542,0.415698948,3.231899737,
Caribbean small states,CSS,Net ODA received (% of central government expense),DT.ODA.ODAT.XP.ZS,,,,,,,,,,,,,,,,,,,,,,,,,,,,,,,,,,,,,,,,,,,,,,,,,,,,,,,,,,,,,,,,
Cuba,CUB,Net ODA received (% of central government expense),DT.ODA.ODAT.XP.ZS,,,,,,,,,,,,,,,,,,,,,,,,,,,,,,,,,,,,,,,,,,,,,,,,,,,,,,,,,,,,,,,,
Curacao,CUW,Net ODA received (% of central government expense),DT.ODA.ODAT.XP.ZS,,,,,,,,,,,,,,,,,,,,,,,,,,,,,,,,,,,,,,,,,,,,,,,,,,,,,,,,,,,,,,,,
Cayman Islands,CYM,Net ODA received (% of central government expense),DT.ODA.ODAT.XP.ZS,,,,,,,,,,,,,,,,,,,,,,,,,,,,,,,,,,,,,,,,,,,,,,,,,,,,,,,,,,,,,,,,
Cyprus,CYP,Net ODA received (% of central government expense),DT.ODA.ODAT.XP.ZS,,,,,,,,,,,,,8.177316593,6.544025417,15.20025818,21.04413989,37.65166583,55.38257248,20.8002358,10.31494866,9.976837887,8.15674735,5.345714421,2.814337134,2.769660989,5.575770016,4.478791359,4.074424616,3.729715965,3.249243475,1.363722926,1.326439028,0.746783461,1.021974383,1.163222286,0.461922541,0.463222053,,,,,,,,,,,,,,,,,,,,,,,,,,,
Czechia,CZE,Net ODA received (% of central government expense),DT.ODA.ODAT.XP.ZS,,,,,,,,,,,,,,,,,,,,,,,,,,,,,,,,,,,,,,,,,,,,,,,,,,,,,,,,,,,,,,,,
Germany,DEU,Net ODA received (% of central government expense),DT.ODA.ODAT.XP.ZS,,,,,,,,,,,,,,,,,,,,,,,,,,,,,,,,,,,,,,,,,,,,,,,,,,,,,,,,,,,,,,,,
Djibouti,DJI,Net ODA received (% of central government expense),DT.ODA.ODAT.XP.ZS,,,,,,,,,,,,,,,,,,,,,,,,,,,,,,,,,,,,,,,,,,,,,,,,,,,,,,,,,,,,,,,,
Dominica,DMA,Net ODA received (% of central government expense),DT.ODA.ODAT.XP.ZS,,,,,,,,,,,,,,,,,,,,,,,,,,,,,,,,,,,,,,,,,,,,,,,,,,,,,,,,,,,,,,,,
Denmark,DNK,Net ODA received (% of central government expense),DT.ODA.ODAT.XP.ZS,,,,,,,,,,,,,,,,,,,,,,,,,,,,,,,,,,,,,,,,,,,,,,,,,,,,,,,,,,,,,,,,
Dominican Republic,DOM,Net ODA received (% of central government expense),DT.ODA.ODAT.XP.ZS,,,,,,,,,,,,,10.86802521,7.822612834,4.984839458,6.014836931,5.91329778,,3.935734973,5.638636921,7.597256392,6.795944192,10.83746048,5.850028591,12.72530928,30.93903046,10.18270658,23.1636807,21.5674522,23.17212819,18.63647424,14.17479365,9.793136227,0.36726073,5.020620314,8.396508715,5.60985071,3.147924087,4.860607436,7.797824318,2.295348466,3.764521887,4.78119779,3.738342735,3.49836911,1.953088557,1.438937193,2.432344104,2.402392275,1.925931918,2.532514399,2.983007055,2.707081144,1.516649043,1.581713489,2.587199622,1.445334147,0.918513442,0.66462786,0.927872158,2.219511172,2.672172534,1.828390564,
Algeria,DZA,Net ODA received (% of central government expense),DT.ODA.ODAT.XP.ZS,,,,,,,,,,,,,,,,,,,,,,,,,,,,,,,,,,,,,,,,,,,,,,,,,,,,,,,,,,,,,,,,
East Asia & Pacific (excluding high income),EAP,Net ODA received (% of central government expense),DT.ODA.ODAT.XP.ZS,,,,,,,,,,,,,,,,,,,,,,,,,,,,,,,,,,,,,,,,,,,,,,,,,,,,,,,,,,,,,,,,
Early-demographic dividend,EAR,Net ODA received (% of central government expense),DT.ODA.ODAT.XP.ZS,,,,,,,,,,,,,,,,,,,,,,,,,,,,,,,,,,,,,,,,,,,,,,,,,,,,,,,,,,,,,,,,
East Asia & Pacific,EAS,Net ODA received (% of central government expense),DT.ODA.ODAT.XP.ZS,,,,,,,,,,,,,,,,,,,,,,,,,,,,,,,,,,,,,,,,,,,,,,,,,,,,,,,,,,,,,,,,
Europe & Central Asia (excluding high income),ECA,Net ODA received (% of central government expense),DT.ODA.ODAT.XP.ZS,,,,,,,,,,,,,,,,,,,,,,,,,,,,,,,,,,,,,,,,,,,,,,,,,,,,,,,,,,,,,,,,
Europe & Central Asia,ECS,Net ODA received (% of central government expense),DT.ODA.ODAT.XP.ZS,,,,,,,,,,,,,,,,,,,,,,,,,,,,,,,,,,,,,,,,,,,,,,,,,,,,,,,,,,,,,,,,
Ecuador,ECU,Net ODA received (% of central government expense),DT.ODA.ODAT.XP.ZS,,,,,,,,,,,,,,,,,,,,,,,,,,,,,,,,,,,,,,,,,,,,,,,,,,,,,,0.464840837,0.48214226,0.96048341,0.71179734,0.641138034,1.114785586,1.421154007,1.053404277,0.879006454,1.06424957,
"Egypt, Arab Rep.",EGY,Net ODA received (% of central government expense),DT.ODA.ODAT.XP.ZS,,,,,,,,,,,,,,,,42.5622396,41.76457624,43.18589205,48.64829368,22.40441644,,13.68931391,11.36293108,12.44405375,13.71333407,12.68542723,11.49595012,14.12753734,13.30917704,15.18881267,58.52270999,52.96709438,25.55495761,16.94659933,16.73382163,11.98637941,12.03789849,10.57232981,,,,,5.640858949,4.635173873,7.093919639,4.2635881,2.58271157,3.06288599,3.523733551,1.717051026,0.948049367,0.615124755,2.264603169,5.935038499,3.516363683,2.535464648,,,,,,,,
Euro area,EMU,Net ODA received (% of central government expense),DT.ODA.ODAT.XP.ZS,,,,,,,,,,,,,,,,,,,,,,,,,,,,,,,,,,,,,,,,,,,,,,,,,,,,,,,,,,,,,,,,
Eritrea,ERI,Net ODA received (% of central government expense),DT.ODA.ODAT.XP.ZS,,,,,,,,,,,,,,,,,,,,,,,,,,,,,,,,,,,,,,,,,,,,,,,,,,,,,,,,,,,,,,,,
Spain,ESP,Net ODA received (% of central government expense),DT.ODA.ODAT.XP.ZS,,,,,,,,,,,,,,,,,,,,,,,,,,,,,,,,,,,,,,,,,,,,,,,,,,,,,,,,,,,,,,,,
Estonia,EST,Net ODA received (% of central government expense),DT.ODA.ODAT.XP.ZS,,,,,,,,,,,,,,,,,,,,,,,,,,,,,,,,,,,,,,,,,,,,,,,,,,,,,,,,,,,,,,,,
Ethiopia,ETH,Net ODA received (% of central government expense),DT.ODA.ODAT.XP.ZS,,,,,,,,,,,,,,,,,,,,,,,,,,,,,,,51.5342633,61.08900184,97.2314532,116.9751633,123.4149671,96.43942062,86.08914393,54.37406923,52.76780403,46.00160612,,92.38322001,97.84504988,119.2569029,111.7457945,104.7424396,139.9181291,146.925258,79.47170209,70.65452618,92.31777881,103.3718559,88.44893771,79.8540679,67.46504614,48.32111405,54.48719043,44.90785982,54.2021564,50.23945958,58.57853386,43.46486793,53.21137141,
European Union,EUU,Net ODA received (% of central government expense),DT.ODA.ODAT.XP.ZS,,,,,,,,,,,,,,,,,,,,,,,,,,,,,,,,,,,,,,,,,,,,,,,,,,,,,,,,,,,,,,,,
Fragile and conflict affected situations,FCS,Net ODA received (% of central government expense),DT.ODA.ODAT.XP.ZS,,,,,,,,,,,,,,,,,,,,,,,,,,,,,,,,,,,,,,,,,,,,,,,,,,,,,,,,,,,,,,,,
Finland,FIN,Net ODA received (% of central government expense),DT.ODA.ODAT.XP.ZS,,,,,,,,,,,,,,,,,,,,,,,,,,,,,,,,,,,,,,,,,,,,,,,,,,,,,,,,,,,,,,,,
Fiji,FJI,Net ODA received (% of central government expense),DT.ODA.ODAT.XP.ZS,,,,,,,,,,,,,,,,,,,,,,,,,,,,,,,15.36667655,13.73260696,16.91771612,13.262962,7.940913832,8.116486378,8.150092881,,,,,,,,9.640609513,8.972276687,6.837175241,6.511254734,5.967313729,9.688039127,10.13280318,8.967761134,11.53670182,8.928613093,7.614524395,8.314337666,9.403362161,10.74223082,7.733531394,8.767510292,14.33135211,40.95819508,,
France,FRA,Net ODA received (% of central government expense),DT.ODA.ODAT.XP.ZS,,,,,,,,,,,,,,,,,,,,,,,,,,,,,,,,,,,,,,,,,,,,,,,,,,,,,,,,,,,,,,,,
Faroe Islands,FRO,Net ODA received (% of central government expense),DT.ODA.ODAT.XP.ZS,,,,,,,,,,,,,,,,,,,,,,,,,,,,,,,,,,,,,,,,,,,,,,,,,,,,,,,,,,,,,,,,
"Micronesia, Fed. Sts.",FSM,Net ODA received (% of central government expense),DT.ODA.ODAT.XP.ZS,,,,,,,,,,,,,,,,,,,,,,,,,,,,,,,,,,,,,,,,,,,,,,,,,190.1210298,258.9975983,128.0148983,267.6157536,250.9579962,248.107931,202.477785,124.5186962,69.01719026,120.7643998,114.281782,99.07775035,196.4734668,,,
Gabon,GAB,Net ODA received (% of central government expense),DT.ODA.ODAT.XP.ZS,,,,,,,,,,,,,,,,,,,,,,,,,,,,,,,,,,,,,,,,,,,,,,,,,,,,,2.463075281,3.03495076,4.007280864,3.996336172,1.737024241,4.546665773,5.063570422,5.068903451,2.111698206,3.606727124,,
United Kingdom,GBR,Net ODA received (% of central government expense),DT.ODA.ODAT.XP.ZS,,,,,,,,,,,,,,,,,,,,,,,,,,,,,,,,,,,,,,,,,,,,,,,,,,,,,,,,,,,,,,,,
Georgia,GEO,Net ODA received (% of central government expense),DT.ODA.ODAT.XP.ZS,,,,,,,,,,,,,,,,,,,,,,,,,,,,,,,,,,,,54.65050167,57.34770908,34.33941207,33.74992562,51.72671244,37.29797728,56.8890185,60.61178731,39.29252675,31.03564421,21.03529068,19.68528656,11.71631657,18.68047983,18.92556201,18.91114946,15.22098522,16.0748555,14.99671806,11.95977947,10.65052206,10.44867913,10.11156868,13.87408832,11.45342183,22.41336002,14.99704496,6.03361139,
Ghana,GHA,Net ODA received (% of central government expense),DT.ODA.ODAT.XP.ZS,,,,,,,,,,,,,,,,,,,,,,,,,,,,,,,,,,,,,,,,,,64.84162855,55.81810356,58.60701464,68.04838215,47.16324866,38.71778653,20.81484579,17.63837345,28.46625993,26.1503269,21.69120388,16.21637694,10.96455871,11.26228672,20.63735174,12.83690924,12.0525473,9.012605976,7.612756692,14.38133897,7.504962881,6.208458896,
Gibraltar,GIB,Net ODA received (% of central government expense),DT.ODA.ODAT.XP.ZS,,,,,,,,,,,,,,,,,,,,,,,,,,,,,,,,,,,,,,,,,,,,,,,,,,,,,,,,,,,,,,,,
Guinea,GIN,Net ODA received (% of central government expense),DT.ODA.ODAT.XP.ZS,,,,,,,,,,,,,,,,,,,,,,,,,,,,,,134.1772794,94.95806262,110.8401503,144.3584262,,,,,,,,,,,,,,,,,,,,,,,,,,,,,,,
"Gambia, The",GMB,Net ODA received (% of central government expense),DT.ODA.ODAT.XP.ZS,,,,,,,,,,,,,,,,,,,,,,,,,,,,,,,178.7480532,,,,,,,,,,,,,,,,,,,,,,,,,,,,,,,,,
Guinea-Bissau,GNB,Net ODA received (% of central government expense),DT.ODA.ODAT.XP.ZS,,,,,,,,,,,,,,,,,,,,,,,,,,,,,,,,,,,,,,,,,,,,,,,,,,,,,,,,,,66.48540239,,53.49107747,,,,
Equatorial Guinea,GNQ,Net ODA received (% of central government expense),DT.ODA.ODAT.XP.ZS,,,,,,,,,,,,,,,,,,,,,,,,,,,,,,,,,,,,,,,,,,,,,,,7.049435756,7.361999199,4.094299324,4.582845675,9.272923919,2.311142356,0.9047405,0.26228457,0.033686792,0.571287394,0.600848922,0.573603354,0.497117118,4.839234628,0.502333717,1.009241421,0.739496161,
Greece,GRC,Net ODA received (% of central government expense),DT.ODA.ODAT.XP.ZS,,,,,,,,,,,,,,,,,,,,,,,,,,,,,,,,,,,,,,,,,,,,,,,,,,,,,,,,,,,,,,,,
Grenada,GRD,Net ODA received (% of central government expense),DT.ODA.ODAT.XP.ZS,,,,,,,,,,,,,,,,,,,,,,,,,,,,,,,,,,,,,,,,,,,,,,,,,,,,,,,,,,,,,,,,
Greenland,GRL,Net ODA received (% of central government expense),DT.ODA.ODAT.XP.ZS,,,,,,,,,,,,,,,,,,,,,,,,,,,,,,,,,,,,,,,,,,,,,,,,,,,,,,,,,,,,,,,,
Guatemala,GTM,Net ODA received (% of central government expense),DT.ODA.ODAT.XP.ZS,,,,,,,,,,,,,,,,,,,,,,,,,,,,,,,26.61332877,24.90999647,19.74718861,22.25352446,19.00882866,18.52922896,14.58734984,17.42631963,12.61346323,14.57881739,12.35423313,9.21113729,9.541870662,8.246990454,7.690296409,7.716208925,12.72812481,10.94297019,11.80006974,8.121325377,7.687398882,5.917991979,4.667482801,7.189726509,3.641447976,5.193121544,3.140588986,3.972530829,4.195668125,3.832534999,4.05812203,4.4656708,3.270856355,
Guam,GUM,Net ODA received (% of central government expense),DT.ODA.ODAT.XP.ZS,,,,,,,,,,,,,,,,,,,,,,,,,,,,,,,,,,,,,,,,,,,,,,,,,,,,,,,,,,,,,,,,
Guyana,GUY,Net ODA received (% of central government expense),DT.ODA.ODAT.XP.ZS,,,,,,,,,,,,,,,,,,,,,,,,,,,,,,,,,,,,,,,,,,,,,,,,,,,,,,,,,,,,,,,,
High income,HIC,Net ODA received (% of central government expense),DT.ODA.ODAT.XP.ZS,,,,,,,,,,,,,,,,,,,,,,,,,,,,,,,,,,,,,,,,,,,,,,,,,,,,,,,,,,,,,,,,
"Hong Kong SAR, China",HKG,Net ODA received (% of central government expense),DT.ODA.ODAT.XP.ZS,,,,,,,,,,,,,,,,,,,,,,,,,,,,,,,,,,,,,,,,,,,,,,,,,,,,,,,,,,,,,,,,
Honduras,HND,Net ODA received (% of central government expense),DT.ODA.ODAT.XP.ZS,,,,,,,,,,,,,15.4421498,13.74016439,17.69509982,28.13458024,17.63663243,,,,,,,,,,,,,,,,,,,,,,,,,,,18.44144825,31.13187292,33.47476952,23.84339063,13.09512858,13.42915395,10.71561113,13.0580723,9.013818218,13.00368139,14.15900717,12.65888732,11.72531382,,,,,20.77461879,,,
Heavily indebted poor countries (HIPC),HPC,Net ODA received (% of central government expense),DT.ODA.ODAT.XP.ZS,,,,,,,,,,,,,,,,,,,,,,,,,,,,,,,,,,,,,,,,,,,,,,,,,,,,,,,,,,,,,,,,
Croatia,HRV,Net ODA received (% of central government expense),DT.ODA.ODAT.XP.ZS,,,,,,,,,,,,,,,,,,,,,,,,,,,,,,,,,0.000265261,,1.990369161,0.465629228,1.114628317,0.358857341,0.327980559,0.420515569,0.624498213,1.106472877,1.167939107,0.843980979,0.712495597,0.717767631,1.092475185,0.748064571,0.925523414,0.673868784,0.540988475,,,,,,,,,,,,,
Haiti,HTI,Net ODA received (% of central government expense),DT.ODA.ODAT.XP.ZS,,,,,,,,,,,,,,,,,,,,,,,,,,,,,,,,,,,,,,,,,,,,,,,,,,,,,,,,,,,,,,,,
Hungary,HUN,Net ODA received (% of central government expense),DT.ODA.ODAT.XP.ZS,,,,,,,,,,,,,,,,,,,,,,,,,,,,,,,,,,,,,,,,,,,,,,,,,,,,,,,,,,,,,,,,
IBRD only,IBD,Net ODA received (% of central government expense),DT.ODA.ODAT.XP.ZS,,,,,,,,,,,,,,,,,,,,,,,,,,,,,,,,,,,,,,,,,,,,,,,,,,,,,,,,,,,,,,,,
IDA & IBRD total,IBT,Net ODA received (% of central government expense),DT.ODA.ODAT.XP.ZS,,,,,,,,,,,,,,,,,,,,,,,,,,,,,,,,,,,,,,,,,,,,,,,,,,,,,,,,,,,,,,,,
IDA total,IDA,Net ODA received (% of central government expense),DT.ODA.ODAT.XP.ZS,,,,,,,,,,,,,,,,,,,,,,,,,,,,,,,,,,,,,,,,,,,,,,,,,,,,,,,,,,,,,,,,
IDA blend,IDB,Net ODA received (% of central government expense),DT.ODA.ODAT.XP.ZS,,,,,,,,,,,,,,,,,,,,,,,,,,,,,,,,,,,,,,,,,,,,,,,,,,,,,,,,,,,,,,,,
Indonesia,IDN,Net ODA received (% of central government expense),DT.ODA.ODAT.XP.ZS,,,,,,,,,,,,,43.15302447,32.44550379,19.03464693,16.54484731,13.3634986,8.893238537,9.808307187,10.50565089,9.543999589,8.198259225,7.318891044,6.774909087,6.213421658,5.075390846,5.976460087,13.37111009,16.47973658,16.16955977,11.79474017,13.67062835,12.8028438,11.08672555,8.522064759,6.377011136,4.490175691,2.861381735,9.874303037,9.32791652,,,4.215348876,4.555067547,0.225378793,,,,0.77710726,0.826976866,1.2511374,0.266916499,0.048153916,0.049515054,-0.269565358,-0.022798054,-0.07812524,0.192936936,0.623280964,-0.427451952,0.69077701,0.340130301,0.31789332,
IDA only,IDX,Net ODA received (% of central government expense),DT.ODA.ODAT.XP.ZS,,,,,,,,,,,,,,,,,,,,,,,,,,,,,,,,,,,,,,,,,,,,,,,,,,,,,,,,,,,,,,,,
Isle of Man,IMN,Net ODA received (% of central government expense),DT.ODA.ODAT.XP.ZS,,,,,,,,,,,,,,,,,,,,,,,,,,,,,,,,,,,,,,,,,,,,,,,,,,,,,,,,,,,,,,,,
India,IND,Net ODA received (% of central government expense),DT.ODA.ODAT.XP.ZS,,,,,,,,,,,,,,,14.15624572,16.11953646,15.97905072,7.747742558,7.310053915,7.235406549,10.0250118,8.961029926,6.814110718,6.943942486,5.974581346,4.746878321,5.210486159,3.853728289,4.231332008,3.735233175,2.806779533,6.597700814,5.566472918,3.466437194,4.859133654,3.376205835,3.441898246,2.711832009,2.650364618,2.194745687,1.916581734,2.291945564,2.102768808,0.761526358,0.725226955,1.506977952,0.968753887,0.666471183,0.934745857,0.87794586,1.023760945,1.237982137,0.56921385,0.795101901,0.991145764,0.997651497,0.764434815,0.772489897,0.581531088,,,,0.634588322,
Not classified,INX,Net ODA received (% of central government expense),DT.ODA.ODAT.XP.ZS,,,,,,,,,,,,,,,,,,,,,,,,,,,,,,,,,,,,,,,,,,,,,,,,,,,,,,,,,,,,,,,,
Ireland,IRL,Net ODA received (% of central government expense),DT.ODA.ODAT.XP.ZS,,,,,,,,,,,,,,,,,,,,,,,,,,,,,,,,,,,,,,,,,,,,,,,,,,,,,,,,,,,,,,,,
"Iran, Islamic Rep.",IRN,Net ODA received (% of central government expense),DT.ODA.ODAT.XP.ZS,,,,,,,,,,,,,0.249318017,-0.074758758,0.059413159,0.008616409,-0.027269072,0.171666651,1.064372644,0.024948416,0.109090279,0.017719506,-0.002174818,0.134458406,0.025916903,0.034584867,0.072138345,0.314527817,0.360182661,0.505216843,0.581479956,1.11265451,0.635279958,1.48592334,1.164921642,1.303225777,0.875203127,1.106881964,0.821365289,0.855487647,0.760094489,0.514585661,0.509257228,0.502269711,0.603359342,0.230419947,0.213058453,0.17634201,0.135564999,0.113786202,,,,,,,,,,,,,,
Iraq,IRQ,Net ODA received (% of central government expense),DT.ODA.ODAT.XP.ZS,,,,,,,,,,,,,,,,,,,,,,,,,,,,,,,,,,,,,,,,,,,,,,,,,,,,,,,2.33172757,3.289530774,5.16606061,5.978870228,4.132783031,3.241215144,,,,
Iceland,ISL,Net ODA received (% of central government expense),DT.ODA.ODAT.XP.ZS,,,,,,,,,,,,,,,,,,,,,,,,,,,,,,,,,,,,,,,,,,,,,,,,,,,,,,,,,,,,,,,,
Israel,ISR,Net ODA received (% of central government expense),DT.ODA.ODAT.XP.ZS,,,,,,,,,,,,,2.439142936,2.976639893,1.343885672,5.394000127,7.148222521,7.452336677,9.619113025,8.814583733,5.65922371,4.465250352,4.754858982,5.543258646,5.442320126,11.8374653,10.86325433,6.186494286,5.718252788,5.411751186,5.247858736,8.13995508,6.659153248,4.244060784,3.726726283,0.823879337,4.83700541,,,,,,,,,,,,,,,,,,,,,,,,,,,
Italy,ITA,Net ODA received (% of central government expense),DT.ODA.ODAT.XP.ZS,,,,,,,,,,,,,,,,,,,,,,,,,,,,,,,,,,,,,,,,,,,,,,,,,,,,,,,,,,,,,,,,
Jamaica,JAM,Net ODA received (% of central government expense),DT.ODA.ODAT.XP.ZS,,,,,,,,,,,,,,,,,,,,,,,,,,,,,19.74806579,24.23333683,26.1183054,18.677914,17.29136947,10.32585743,11.6356201,9.054833976,3.607047837,3.745016324,0.996312316,-0.722063563,0.634144744,2.383473732,0.979092123,0.351615342,2.818134684,1.417311371,1.191853944,0.866277355,2.106801541,3.45813648,3.692780022,1.007229546,0.688845106,2.006259662,2.689260011,1.614452319,0.727957519,1.55889381,2.401052181,3.065829548,1.622982289,,,
Jordan,JOR,Net ODA received (% of central government expense),DT.ODA.ODAT.XP.ZS,,,,,,,,,,,,,,,,,,,,,,,,,,,,,,,77.05037378,74.66600985,32.43828257,21.41047255,24.04561313,30.73427769,25.50922735,23.09414496,18.34448267,19.9469134,24.15254578,18.58952813,20.72348116,43.97843011,16.48627332,15.81757598,11.630254,10.9363241,10.67013667,10.21183041,13.40941011,11.43706872,12.67192463,15.4889277,26.62917049,21.57765131,26.44572808,28.01841625,22.15275153,23.02703943,25.30371754,,14.14089379,
Japan,JPN,Net ODA received (% of central government expense),DT.ODA.ODAT.XP.ZS,,,,,,,,,,,,,,,,,,,,,,,,,,,,,,,,,,,,,,,,,,,,,,,,,,,,,,,,,,,,,,,,
Kazakhstan,KAZ,Net ODA received (% of central government expense),DT.ODA.ODAT.XP.ZS,,,,,,,,,,,,,,,,,,,,,,,,,,,,,,,,,,,,,,2.990540791,5.712772648,7.03439817,7.364287918,4.977169209,6.054073824,6.762350059,4.48651012,,,,,,0.869517497,0.686276618,0.401332568,0.262540498,0.273775976,0.286099523,0.280032318,0.187448596,0.303313867,0.183700308,0.256857563,0.170575338,0.202519072,
Kenya,KEN,Net ODA received (% of central government expense),DT.ODA.ODAT.XP.ZS,,,,,,,,,,,,,,,,,,,,,,,,,,,,,,,,,,,,,,,,,,,,,,,,,,,,,,,18.97456902,16.96024219,13.18131399,12.03140364,11.43066863,16.80980806,19.82156164,12.27548547,9.24551991,
Kyrgyz Republic,KGZ,Net ODA received (% of central government expense),DT.ODA.ODAT.XP.ZS,,,,,,,,,,,,,,,,,,,,,,,,,,,,,,,,,,,,,,,,,,,,,,,,,,,,,,,32.27193342,42.58366633,28.20361577,23.17205868,20.82297183,20.37982559,22.22935503,20.90246776,25.23175964,
Cambodia,KHM,Net ODA received (% of central government expense),DT.ODA.ODAT.XP.ZS,,,,,,,,,,,,,,,,,,,,,,,,,,,,,,,,,,,,,,,,,,,101.3494506,102.3938748,93.21734436,94.80897805,76.25674206,82.36075999,65.3680759,53.33076134,56.97339131,48.80291473,54.3524061,44.74522667,38.59177337,31.23149217,28.01618862,27.01042985,21.95722478,22.61272011,30.49604856,27.48516048,,
Kiribati,KIR,Net ODA received (% of central government expense),DT.ODA.ODAT.XP.ZS,,,,,,,,,,,,,,,,,,,,,,,,,,,,,,,,,,,,,,,,,,,,,,,,,,,,55.55233636,51.03481937,53.5132018,72.89610955,57.72718017,47.99443045,53.73873621,55.53579971,37.26180481,34.59053525,30.36463272,41.19933035,
St. Kitts and Nevis,KNA,Net ODA received (% of central government expense),DT.ODA.ODAT.XP.ZS,,,,,,,,,,,,,,,,,,,,,,,,,,,,,,,21.27510887,19.85022087,19.82620489,23.57820582,11.44661394,,,,,,3.646976288,8.900211501,27.75558946,0.089081545,-0.074972925,2.154306285,3.962581604,2.480327173,23.61478113,1.609356064,5.846757227,7.152558431,10.74149972,14.47340218,,,,,,,,,,
"Korea, Rep.",KOR,Net ODA received (% of central government expense),DT.ODA.ODAT.XP.ZS,,,,,,,,,,,,,21.72092657,17.9722751,10.43431384,8.209754485,4.962607197,4.528406961,2.323228391,1.364824948,1.412996246,3.044309972,0.270878835,0.061448594,-0.276069363,-0.062677253,-0.113558806,0.056927673,0.038049471,0.15962328,0.139141547,0.124871981,-0.006497738,-0.068157522,-0.186828468,0.077086758,-0.184174008,-0.21470138,-0.086025951,-0.074599964,,,,,,,,,,,,,,,,,,,,,,,,
Kuwait,KWT,Net ODA received (% of central government expense),DT.ODA.ODAT.XP.ZS,,,,,,,,,,,,,0.064052773,0.031430184,0.0150537,,,0.014777417,0.02474161,0.028947915,0.189763305,0.154515265,0.088102271,0.069598393,0.064808868,0.058673315,0.071744709,0.049562833,0.072598873,0.05586772,0.145242349,0.050813247,0.03564469,0.015372618,0.034482856,0.033521908,,,,,,,,,,,,,,,,,,,,,,,,,,,,
Latin America & Caribbean (excluding high income),LAC,Net ODA received (% of central government expense),DT.ODA.ODAT.XP.ZS,,,,,,,,,,,,,,,,,,,,,,,,,,,,,,,,,,,,,,,,,,,,,,,,,,,,,,,,,,,,,,,,
Lao PDR,LAO,Net ODA received (% of central government expense),DT.ODA.ODAT.XP.ZS,,,,,,,,,,,,,,,,,,,,,,,,,,,,,,,,,,,,,,,,,,,,,,,,,71.18213016,50.9762134,49.49089893,39.5675083,36.68000029,21.01113999,23.07003236,21.92730319,18.10212779,22.81108376,26.36207509,26.64482744,24.36513467,28.41002386,34.32463201,
Lebanon,LBN,Net ODA received (% of central government expense),DT.ODA.ODAT.XP.ZS,,,,,,,,,,,,,,,,,,,,,,,,,,,,,,,,,,,,,,,7.548700149,3.986553326,3.820352047,3.886082488,3.757240055,8.736347089,4.694401182,3.998100043,11.72749795,12.48961684,12.0100033,5.407040161,4.479934097,4.511474788,6.032305981,4.967540637,6.578542906,8.446113304,8.542631742,9.457056546,8.827851887,8.208852424,29.99723736,96.08395398,,
Liberia,LBR,Net ODA received (% of central government expense),DT.ODA.ODAT.XP.ZS,,,,,,,,,,,,,,,,,,,,,,,36.46801265,,,,,,,,,,,,,,,,,,,,,,,,,,,,,,,,,,,,,,,,,
Libya,LBY,Net ODA received (% of central government expense),DT.ODA.ODAT.XP.ZS,,,,,,,,,,,,,,,,,,,,,,,,,,,,,,,,,,,,,,,,,,,,,,,,,,,,,,,,,,,,,,,,
St. Lucia,LCA,Net ODA received (% of central government expense),DT.ODA.ODAT.XP.ZS,,,,,,,,,,,,,,,,,,,,,,,,,,,,,,,,,,,,,,,,,8.127386987,10.99605702,22.16646053,9.004108801,-11.9311765,6.005452513,10.38170314,8.770821119,6.726421146,15.73918033,15.36348081,12.78556209,8.761877448,8.075061146,5.919112439,4.184160805,4.485519363,4.369869966,,,,,,
Latin America & Caribbean,LCN,Net ODA received (% of central government expense),DT.ODA.ODAT.XP.ZS,,,,,,,,,,,,,,,,,,,,,,,,,,,,,,,,,,,,,,,,,,,,,,,,,,,,,,,,,,,,,,,,
Least developed countries: UN classification,LDC,Net ODA received (% of central government expense),DT.ODA.ODAT.XP.ZS,,,,,,,,,,,,,,,,,,,,,,,,,,,,,,,,,,,,,,,,,,,,,,,,,,,,,,,,,,,,,,,,
Low income,LIC,Net ODA received (% of central government expense),DT.ODA.ODAT.XP.ZS,,,,,,,,,,,,,,,,,,,,,,,,,,,,,,,,,,,,,,,,,,,,,,,,,,,,,,,,,,,,,,,,
Liechtenstein,LIE,Net ODA received (% of central government expense),DT.ODA.ODAT.XP.ZS,,,,,,,,,,,,,,,,,,,,,,,,,,,,,,,,,,,,,,,,,,,,,,,,,,,,,,,,,,,,,,,,
Sri Lanka,LKA,Net ODA received (% of central government expense),DT.ODA.ODAT.XP.ZS,,,,,,,,,,,,,,,,,,,,,,,,,,,,,,,31.12577419,32.15290616,21.94250551,23.06163437,17.99647972,13.94342356,10.01606557,7.365333608,9.352628052,5.477446069,5.924767993,7.091229524,6.596586084,13.60143585,9.542148255,21.09480946,11.45399181,6.682645082,7.006266549,5.28287255,5.844097201,5.804292221,4.624013103,3.698550976,4.194162287,3.058712168,2.709555972,2.185198339,-1.712086616,1.351551019,1.357042944,0.995706518,0.094669075,
Lower middle income,LMC,Net ODA received (% of central government expense),DT.ODA.ODAT.XP.ZS,,,,,,,,,,,,,,,,,,,,,,,,,,,,,,,,,,,,,,,,,,,,,,,,,,,,,,,,,,,,,,,,
Low & middle income,LMY,Net ODA received (% of central government expense),DT.ODA.ODAT.XP.ZS,,,,,,,,,,,,,,,,,,,,,,,,,,,,,,,,,,,,,,,,,,,,,,,,,,,,,,,,,,,,,,,,
Lesotho,LSO,Net ODA received (% of central government expense),DT.ODA.ODAT.XP.ZS,,,,,,,,,,,,,,,,,,,,,,,,,,,,66.77762702,62.51910786,78.58962869,,59.58687123,57.44223936,60.38707168,40.0885597,34.62826498,36.4232899,27.95465711,16.85439429,10.03101552,12.3909595,20.04011147,28.75051366,20.1419485,19.57908921,12.1678667,10.85617211,16.81509925,15.16744229,12.22158591,26.9330521,24.40082932,27.836634,31.71945149,11.45636773,9.5840212,13.05981382,15.89948453,15.3251355,14.94463217,19.22016663,19.49630624,16.1801123,
Late-demographic dividend,LTE,Net ODA received (% of central government expense),DT.ODA.ODAT.XP.ZS,,,,,,,,,,,,,,,,,,,,,,,,,,,,,,,,,,,,,,,,,,,,,,,,,,,,,,,,,,,,,,,,
Lithuania,LTU,Net ODA received (% of central government expense),DT.ODA.ODAT.XP.ZS,,,,,,,,,,,,,,,,,,,,,,,,,,,,,,,,,,,,,,,,,,,,,,,,,,,,,,,,,,,,,,,,
Luxembourg,LUX,Net ODA received (% of central government expense),DT.ODA.ODAT.XP.ZS,,,,,,,,,,,,,,,,,,,,,,,,,,,,,,,,,,,,,,,,,,,,,,,,,,,,,,,,,,,,,,,,
Latvia,LVA,Net ODA received (% of central government expense),DT.ODA.ODAT.XP.ZS,,,,,,,,,,,,,,,,,,,,,,,,,,,,,,,,,,,,,,,,,,,,,,,,,,,,,,,,,,,,,,,,
"Macao SAR, China",MAC,Net ODA received (% of central government expense),DT.ODA.ODAT.XP.ZS,,,,,,,,,,,,,,,,,,,,,,,,,,,,,,,,,,,,,0.03578811,0.037053308,0.048966253,0.026147492,,,,,,,,,,,,,,,,,,,,,,,,
St. Martin (French part),MAF,Net ODA received (% of central government expense),DT.ODA.ODAT.XP.ZS,,,,,,,,,,,,,,,,,,,,,,,,,,,,,,,,,,,,,,,,,,,,,,,,,,,,,,,,,,,,,,,,
Morocco,MAR,Net ODA received (% of central government expense),DT.ODA.ODAT.XP.ZS,,,,,,,,,,,,,,,,,,,,,,,,,,,,,,,24.94997061,27.3863407,15.53637361,11.68197265,9.409071483,5.716707516,,5.688647019,5.996171018,7.493024226,,,3.506011767,4.839412792,5.525375311,4.179433189,6.326645237,6.016953079,5.851981834,4.348518725,3.903786503,4.834282009,5.026514859,6.753136846,7.398233051,5.962901965,8.118146061,9.030008248,2.811315667,2.493279243,5.53766681,2.654261905,3.830116102,
Monaco,MCO,Net ODA received (% of central government expense),DT.ODA.ODAT.XP.ZS,,,,,,,,,,,,,,,,,,,,,,,,,,,,,,,,,,,,,,,,,,,,,,,,,,,,,,,,,,,,,,,,
Moldova,MDA,Net ODA received (% of central government expense),DT.ODA.ODAT.XP.ZS,,,,,,,,,,,,,,,,,,,,,,,,,,,,,,,,,,,,,,8.806230235,7.038735821,31.59056655,32.91012644,36.14647672,,27.05355153,16.9292804,19.37043042,20.69981317,15.70739134,13.72485599,10.81521185,23.2692921,20.05461698,19.600717,13.53455118,18.75304556,14.14975287,12.30932914,9.383884674,8.307561178,10.29291654,13.89459401,14.53677882,18.8844438,
Madagascar,MDG,Net ODA received (% of central government expense),DT.ODA.ODAT.XP.ZS,,,,,,,,,,,,,,,,,,,,,,,,,,,,,,,,,,,,,,,,,,,,88.77238991,227.792967,164.624757,122.6242552,83.40172667,62.13663575,53.72601664,55.76936702,43.33425426,36.34323045,42.73429789,47.66525429,62.59722615,56.30423682,55.83495427,55.80527483,51.23887605,84.34274571,69.61439734,65.65649175,
Maldives,MDV,Net ODA received (% of central government expense),DT.ODA.ODAT.XP.ZS,,,,,,,,,,,,,,,,,,,,,,,,,,,,,,,43.86408344,64.41201225,60.45383972,47.34551222,46.03154572,70.35728502,32.63421575,23.38067636,22.51707367,23.1668328,11.38161911,13.84794773,13.06456854,9.276548578,12.22108284,19.95546254,7.781161988,5.800887092,8.558259453,3.579367739,13.40733955,8.017173351,,,2.472832263,2.189954378,2.12761013,4.74175907,11.06847061,4.884581623,23.71172914,7.260738656,,
Middle East & North Africa,MEA,Net ODA received (% of central government expense),DT.ODA.ODAT.XP.ZS,,,,,,,,,,,,,,,,,,,,,,,,,,,,,,,,,,,,,,,,,,,,,,,,,,,,,,,,,,,,,,,,
Mexico,MEX,Net ODA received (% of central government expense),DT.ODA.ODAT.XP.ZS,,,,,,,,,,,,,0.464912297,0.229340278,0.262619041,0.195833341,0.175427894,0.174094265,0.133525383,0.379274259,0.301494713,0.335822339,0.37028925,0.455785017,0.272004125,0.376575955,0.803920016,0.437703422,0.412320132,0.267425508,0.403480506,0.672931492,0.698995519,0.8200191,0.781590694,0.957052219,0.636053553,0.186128523,0.051118628,0.063992701,-0.045074051,,,,,,,,,0.096090328,0.200845368,0.376939392,0.155268729,0.20475898,0.284421291,0.126803984,0.357961349,0.319000359,0.220015617,0.203229891,0.326409815,0.204920508,0.1514251,
Marshall Islands,MHL,Net ODA received (% of central government expense),DT.ODA.ODAT.XP.ZS,,,,,,,,,,,,,,,,,,,,,,,,,,,,,,,,,,,,,,,,,,,,,,,,,58.54193597,67.66353051,28.46128273,90.13642044,86.9778444,92.74401983,60.880487,56.08939073,11.03512119,55.83435293,40.05694944,43.4005494,127.3814844,,,
Middle income,MIC,Net ODA received (% of central government expense),DT.ODA.ODAT.XP.ZS,,,,,,,,,,,,,,,,,,,,,,,,,,,,,,,,,,,,,,,,,,,,,,,,,,,,,,,,,,,,,,,,
North Macedonia,MKD,Net ODA received (% of central government expense),DT.ODA.ODAT.XP.ZS,,,,,,,,,,,,,,,,,,,,,,,,,,,,,,,,,,,,,,,,,,,,,,12.57472129,9.902497592,8.454192905,6.978057087,6.828224405,6.86548581,6.322164769,5.160281836,6.43803358,6.574916172,7.395345938,5.677629149,4.736849389,4.822734539,3.734696074,6.548776335,7.248209517,,
Mali,MLI,Net ODA received (% of central government expense),DT.ODA.ODAT.XP.ZS,,,,,,,,,,,,,,,,,,,,,,,,,,,,,,,,,,,,,,,,,102.1819739,92.08015033,92.04691935,91.19257096,78.5532952,90.37354236,94.3845423,81.78961101,72.50092307,62.03953874,79.89161241,79.67957938,66.74190676,79.62432541,66.39088924,74.69065608,69.76952675,70.77050394,73.71990787,81.72554311,61.83968725,,,
Malta,MLT,Net ODA received (% of central government expense),DT.ODA.ODAT.XP.ZS,,,,,,,,,,,,,15.13027429,24.7636059,14.72311607,20.25967723,18.26830826,16.14940096,17.3886573,,5.1634108,14.17328855,6.755904473,12.75248559,3.484169932,5.642419206,1.692608616,-0.289852194,-0.506806139,-0.895288924,0.323016308,1.196323173,0.226647663,1.628454915,2.009222531,0.282655694,2.051585123,0.646162801,0.609834888,0.679540509,0.592796084,0.044827485,0.270339311,,,,,,,,,,,,,,,,,,,,,
Myanmar,MMR,Net ODA received (% of central government expense),DT.ODA.ODAT.XP.ZS,,,,,,,,,,,,,,,,,,,,,,,,,,,,,,,,,,,,,,,,,,,,39.06345553,32.05914313,43.05770015,,,,,,,7.978406388,46.53296928,12.80832394,11.50448923,15.81781583,13.80034015,39.53177378,19.76421382,,,,
Middle East & North Africa (excluding high income),MNA,Net ODA received (% of central government expense),DT.ODA.ODAT.XP.ZS,,,,,,,,,,,,,,,,,,,,,,,,,,,,,,,,,,,,,,,,,,,,,,,,,,,,,,,,,,,,,,,,
Montenegro,MNE,Net ODA received (% of central government expense),DT.ODA.ODAT.XP.ZS,,,,,,,,,,,,,,,,,,,,,,,,,,,,,,,,,,,,,,,,,,,,,,,,,,,,,,,,,,,,,,,,
Mongolia,MNG,Net ODA received (% of central government expense),DT.ODA.ODAT.XP.ZS,,,,,,,,,,,,,,,,,,,,,,,,,,,,,,,,,45.89163332,95.09469298,118.6474241,90.36976962,92.11336424,95.19170397,83.22485678,88.28803386,72.90369461,65.55563867,60.57831785,54.41971472,,,22.88266031,19.4270798,14.9112624,20.19263132,17.40700721,13.26879353,13.41637469,14.45648827,10.92135548,8.365560704,10.63055003,28.13495717,11.25101633,8.534718137,15.90201413,5.820704526,,
Northern Mariana Islands,MNP,Net ODA received (% of central government expense),DT.ODA.ODAT.XP.ZS,,,,,,,,,,,,,,,,,,,,,,,,,,,,,,,,,,,,,,,,,,,,,,,,,,,,,,,,,,,,,,,,
Mozambique,MOZ,Net ODA received (% of central government expense),DT.ODA.ODAT.XP.ZS,,,,,,,,,,,,,,,,,,,,,,,,,,,,,,,,,,,,,,,,,,,,,,,,,,,86.78430607,66.34649978,55.81039241,,,,68.61974175,77.24993709,61.79812526,59.22404011,78.39820847,60.58673046,52.10672388,
Mauritania,MRT,Net ODA received (% of central government expense),DT.ODA.ODAT.XP.ZS,,,,,,,,,,,,,,,,,,,,,,,,,,,,,,,,,,,,,,,,,,,,,,,,,,,,,,,,,,,,,,,,
Mauritius,MUS,Net ODA received (% of central government expense),DT.ODA.ODAT.XP.ZS,,,,,,,,,,,,,,23.55453974,26.63283689,23.81888071,10.89177518,11.36544434,17.46686768,10.65540838,12.02294309,19.89007664,17.05000495,14.24935895,13.25901891,10.81119883,18.06438205,17.72868218,13.60677123,14.23113477,17.54405769,12.6061872,7.461207842,4.671479469,2.22045111,3.127559646,2.447983635,5.067969995,4.969976332,4.441180987,2.214589667,2.302554252,2.466182737,-1.270384505,2.475541963,2.629674592,1.39112245,4.679061269,6.066324679,8.188989357,5.65636485,7.9025202,7.438165761,5.492368875,1.562617054,5.733366219,1.457432216,0.480083805,2.080706633,0.673833383,9.270498803,7.75129491,2.089298798,
Malawi,MWI,Net ODA received (% of central government expense),DT.ODA.ODAT.XP.ZS,,,,,,,,,,,,,,,,,,,,,,,,,,,,,,,,,,,,,,,,,,,,,,,,,,48.95833776,79.05601162,54.71206092,112.4235743,108.536181,75.2181869,88.21341303,127.3159347,128.3400345,86.78254638,71.67398962,74.92003144,55.37927222,53.65035514,
Malaysia,MYS,Net ODA received (% of central government expense),DT.ODA.ODAT.XP.ZS,,,,,,,,,,,,,,,,,,,,,,,,,,,,,,,,,,,,,-2.42242576,-1.414491085,1.662689094,0.992117172,0.314139783,0.168633849,0.50123575,0.567943315,1.270005519,0.115100556,0.837253938,0.576436649,0.346173711,0.319220001,-0.013205827,0.06940464,0.027770297,-0.170130637,0.029935355,-0.001088514,-0.10260975,-0.057918925,-0.060339703,-0.004622503,-0.008326181,0.022312209,0.006699867,
North America,NAC,Net ODA received (% of central government expense),DT.ODA.ODAT.XP.ZS,,,,,,,,,,,,,,,,,,,,,,,,,,,,,,,,,,,,,,,,,,,,,,,,,,,,,,,,,,,,,,,,
Namibia,NAM,Net ODA received (% of central government expense),DT.ODA.ODAT.XP.ZS,,,,,,,,,,,,,,,,,,,,,,,,,,,,,,,,19.98553198,14.03282735,,,,,,,15.78491071,13.81793924,10.65325643,14.74582585,10.50321586,10.36140551,6.156532909,7.781418662,10.8874945,9.487781888,13.69784116,8.134865086,6.496145515,6.108240473,6.114547149,4.896534416,3.305411302,4.477358898,3.829956031,3.321336446,3.331661024,4.225815388,3.91512681,7.245958682,
New Caledonia,NCL,Net ODA received (% of central government expense),DT.ODA.ODAT.XP.ZS,,,,,,,,,,,,,,,,,,,,,,,,,,,,,,,,,,,,,,,,,,,,,,,,,,,,,,,,,,,,,,,,
Niger,NER,Net ODA received (% of central government expense),DT.ODA.ODAT.XP.ZS,,,,,,,,,,,,,,,,,118.2337494,83.05576203,92.57507845,89.11437689,64.87966891,,,,,,,,,,,,,,,,,,,,,,,,,,,,,,,,,,,,,,,,,,,
Nigeria,NGA,Net ODA received (% of central government expense),DT.ODA.ODAT.XP.ZS,,,,,,,,,,,,,,,,,,,,,,,,,,,,,,,,,,,,,,,,,,,,,,,,,,,,,,,,,,,,,,,,
Nicaragua,NIC,Net ODA received (% of central government expense),DT.ODA.ODAT.XP.ZS,,,,,,,,,,,,,,,,,,,,,,,,,,,,,,,50.0517353,226.1557775,139.9199948,71.67738551,123.2470245,125.8379607,189.7877117,71.42394438,95.07166947,97.0532969,77.39003279,106.9483161,65.27619045,105.3318315,147.5851409,75.6920774,61.17199745,62.03048492,49.06081662,46.01182569,38.92477831,36.65879262,33.1889231,29.91414737,23.57864631,22.54190636,19.78701901,24.69946424,16.12564884,18.5758685,22.05284627,30.88927162,43.2025932,
Netherlands,NLD,Net ODA received (% of central government expense),DT.ODA.ODAT.XP.ZS,,,,,,,,,,,,,,,,,,,,,,,,,,,,,,,,,,,,,,,,,,,,,,,,,,,,,,,,,,,,,,,,
Norway,NOR,Net ODA received (% of central government expense),DT.ODA.ODAT.XP.ZS,,,,,,,,,,,,,,,,,,,,,,,,,,,,,,,,,,,,,,,,,,,,,,,,,,,,,,,,,,,,,,,,
Nepal,NPL,Net ODA received (% of central government expense),DT.ODA.ODAT.XP.ZS,,,,,,,,,,,,,,,,,,,,,,,,,,,,,,,,,,,,,,,,,,,,,40.46796752,,,,,,30.66888145,24.91963182,25.62554788,31.05195141,28.62451565,35.92811738,30.50954337,26.00241331,21.75102922,17.96297439,26.09308415,22.26655221,,
Nauru,NRU,Net ODA received (% of central government expense),DT.ODA.ODAT.XP.ZS,,,,,,,,,,,,,,,,,,,,,,,,,,,,,,,,,,,,,,,,,,,,,,,,,,,,,,,26.18131985,38.69720988,26.18718459,26.00782458,36.52364391,48.48312001,21.87044558,,,
New Zealand,NZL,Net ODA received (% of central government expense),DT.ODA.ODAT.XP.ZS,,,,,,,,,,,,,,,,,,,,,,,,,,,,,,,,,,,,,,,,,,,,,,,,,,,,,,,,,,,,,,,,
OECD members,OED,Net ODA received (% of central government expense),DT.ODA.ODAT.XP.ZS,,,,,,,,,,,,,,,,,,,,,,,,,,,,,,,,,,,,,,,,,,,,,,,,,,,,,,,,,,,,,,,,
Oman,OMN,Net ODA received (% of central government expense),DT.ODA.ODAT.XP.ZS,,,,,,,,,,,,,,,,,,,,,,,,,,,,,,,,,,,,,,,,,,,,,,,,,,,,,,,,,,,,,,,,
Other small states,OSS,Net ODA received (% of central government expense),DT.ODA.ODAT.XP.ZS,,,,,,,,,,,,,,,,,,,,,,,,,,,,,,,,,,,,,,,,,,,,,,,,,,,,,,,,,,,,,,,,
Pakistan,PAK,Net ODA received (% of central government expense),DT.ODA.ODAT.XP.ZS,,,,,,,,,,,,,,,,,,,,,,,,,,,,,,,,,,,,,,5.532015653,6.903586812,5.130089748,4.324216998,,,,,,,,,,,,,,,,,,,,,,,
Panama,PAN,Net ODA received (% of central government expense),DT.ODA.ODAT.XP.ZS,,,,,,,,,,,,,,,,,,,,,,,,,,,,,,,,,,,,,,,,,,,,,,,,,,,,,,,-2.910585331,0.131289521,0.276261189,0.465521955,0.427772728,0.671884552,1.316984686,0.791164691,,
Peru,PER,Net ODA received (% of central government expense),DT.ODA.ODAT.XP.ZS,,,,,,,,,,,,,3.188019974,5.531335777,4.180828421,2.804253518,3.208574131,4.592878384,6.782269606,8.959139246,5.468855621,5.372469413,4.435229311,7.83577419,8.730575796,11.96774535,7.319763128,5.084796953,13.7397063,10.58357978,7.728614823,13.29485431,7.071769478,10.82031394,5.013556145,4.147061685,3.521049709,4.161879311,5.246530928,5.135956399,4.329289392,4.857477781,5.156812823,4.878415172,4.127632963,3.395683969,3.038010174,1.733478821,2.208782901,1.983439725,-1.13677186,1.95098991,1.116962264,0.953498004,0.797151979,0.857705277,0.86960162,-0.002963402,1.018298313,0.972665698,0.901861082,0.587269465,,
Philippines,PHL,Net ODA received (% of central government expense),DT.ODA.ODAT.XP.ZS,,,,,,,,,,,,,,,,,,,,,,,,,,,,,,,15.38819993,13.07478358,19.06354052,16.0720234,,,,,,,4.20706783,4.280165163,4.04035832,5.107307641,3.210010538,3.314603738,3.198129052,2.969435245,0.355892965,1.352600761,2.02649411,-0.429033011,-0.009498737,0.512221759,1.776086171,1.246885035,0.662609582,0.358882372,1.110455015,1.585301404,2.058179492,2.166196688,2.143184157,
Palau,PLW,Net ODA received (% of central government expense),DT.ODA.ODAT.XP.ZS,,,,,,,,,,,,,,,,,,,,,,,,,,,,,,,,,,,,,,,,,,,,,,,,,41.84293551,36.3144683,30.57739133,23.44286527,13.36081667,32.24607474,20.78603191,12.41062219,14.41430068,18.34373618,72.08616262,20.85781142,43.38360198,,,
Papua New Guinea,PNG,Net ODA received (% of central government expense),DT.ODA.ODAT.XP.ZS,,,,,,,,,,,,,,,,,,,,,,,,,,,,,,,36.90920661,30.30674981,34.06255712,18.9654301,20.09600434,31.49718891,28.52884533,25.15063504,39.32559543,20.82748577,25.98912236,24.82799518,30.72236803,,,,,,,,,,,,11.52611719,13.45732869,13.92649504,14.12279762,17.90358258,13.70180041,21.18594576,22.89056811,10.74189424,
Poland,POL,Net ODA received (% of central government expense),DT.ODA.ODAT.XP.ZS,,,,,,,,,,,,,,,,,,,,,,,,,,,,,,,,,,,,,,,,,,,,,,,,,,,,,,,,,,,,,,,,
Pre-demographic dividend,PRE,Net ODA received (% of central government expense),DT.ODA.ODAT.XP.ZS,,,,,,,,,,,,,,,,,,,,,,,,,,,,,,,,,,,,,,,,,,,,,,,,,,,,,,,,,,,,,,,,
Puerto Rico,PRI,Net ODA received (% of central government expense),DT.ODA.ODAT.XP.ZS,,,,,,,,,,,,,,,,,,,,,,,,,,,,,,,,,,,,,,,,,,,,,,,,,,,,,,,,,,,,,,,,
"Korea, Dem. People's Rep.",PRK,Net ODA received (% of central government expense),DT.ODA.ODAT.XP.ZS,,,,,,,,,,,,,,,,,,,,,,,,,,,,,,,,,,,,,,,,,,,,,,,,,,,,,,,,,,,,,,,,
Portugal,PRT,Net ODA received (% of central government expense),DT.ODA.ODAT.XP.ZS,,,,,,,,,,,,,,,,,,,,,,,,,,,,,,,,,,,,,,,,,,,,,,,,,,,,,,,,,,,,,,,,
Paraguay,PRY,Net ODA received (% of central government expense),DT.ODA.ODAT.XP.ZS,,,,,,,,,,,,,,,,,,,,,,,,,,,,,,,,,,,,,,,,,,,,,,4.825439528,4.154666286,5.957846669,5.261821028,5.802907722,3.481387408,1.810967553,2.001317977,2.363872902,1.104102653,1.120762334,1.590839654,2.530408321,2.537389,1.651357263,4.655696698,2.618795106,1.394244925,
West Bank and Gaza,PSE,Net ODA received (% of central government expense),DT.ODA.ODAT.XP.ZS,,,,,,,,,,,,,,,,,,,,,,,,,,,,,,,,,,,,,,,,,,,,,,243.1598491,263.7569116,315.1947958,291.8964657,339.2007049,305.6593108,276.2552151,246.5401761,275.9063162,238.9507629,192.9785632,233.230505,178.3239423,57.30546125,54.76537072,44.78282006,45.59026283,,
Pacific island small states,PSS,Net ODA received (% of central government expense),DT.ODA.ODAT.XP.ZS,,,,,,,,,,,,,,,,,,,,,,,,,,,,,,,,,,,,,,,,,,,,,,,,,,,,,,,,,,,,,,,,
Post-demographic dividend,PST,Net ODA received (% of central government expense),DT.ODA.ODAT.XP.ZS,,,,,,,,,,,,,,,,,,,,,,,,,,,,,,,,,,,,,,,,,,,,,,,,,,,,,,,,,,,,,,,,
French Polynesia,PYF,Net ODA received (% of central government expense),DT.ODA.ODAT.XP.ZS,,,,,,,,,,,,,,,,,,,,,,,,,,,,,,,,,,,,,,,,,,,,,,,,,,,,,,,,,,,,,,,,
Qatar,QAT,Net ODA received (% of central government expense),DT.ODA.ODAT.XP.ZS,,,,,,,,,,,,,,,,,,,,,,,,,,,,,,,,,,,,,,,,,,,,,,,,,,,,,,,,,,,,,,,,
Romania,ROU,Net ODA received (% of central government expense),DT.ODA.ODAT.XP.ZS,,,,,,,,,,,,,,,,,,,,,,,,,,,,,,,,,,,,,,,,,,,,,,,,,,,,,,,,,,,,,,,,
Russian Federation,RUS,Net ODA received (% of central government expense),DT.ODA.ODAT.XP.ZS,,,,,,,,,,,,,,,,,,,,,,,,,,,,,,,,,,,,,,,,,,,,,,,,,,,,,,,,,,,,,,,,
Rwanda,RWA,Net ODA received (% of central government expense),DT.ODA.ODAT.XP.ZS,,,,,,,,,,,,,,,,,,,,,,,,,,,,,,,89.14731457,150.5290375,114.9131763,,,,,,,,,,,,,,,,,,,,,,72.1259811,75.28222132,71.67506401,71.26746499,62.17227493,58.35068382,74.18315277,,,
South Asia,SAS,Net ODA received (% of central government expense),DT.ODA.ODAT.XP.ZS,,,,,,,,,,,,,,,,,,,,,,,,,,,,,,,,,,,,,,,,,,,,,,,,,,,,,,,,,,,,,,,,
Saudi Arabia,SAU,Net ODA received (% of central government expense),DT.ODA.ODAT.XP.ZS,,,,,,,,,,,,,,,,,,,,,,,,,,,,,,,,,,,,,,,,,,,,,,,,,,,,,,,,,,,,,,,,
Sudan,SDN,Net ODA received (% of central government expense),DT.ODA.ODAT.XP.ZS,,,,,,,,,,,,,,,,,,,,,,,,,,,,,,,,,,,,,,,27.71821961,30.38528562,,,,,,,,,,28.94934464,24.31479436,,31.26807537,30.41458074,15.45183899,17.50099376,19.51338597,,,,,,,
Senegal,SEN,Net ODA received (% of central government expense),DT.ODA.ODAT.XP.ZS,,,,,,,,,,,,,,,,,,,,,,,,,,,,,,,,,,,,,,,,,,,,,,,,,,,,,,,,26.72949612,20.97240771,21.85795631,21.77461723,28.9392776,31.37359627,25.77255623,22.59879724,
Singapore,SGP,Net ODA received (% of central government expense),DT.ODA.ODAT.XP.ZS,,,,,,,,,,,,,7.302076921,4.931158701,3.019919871,1.368637846,1.1234085,1.133217177,0.574333178,0.385163546,0.761987758,0.864540583,0.79096536,0.494553573,1.087224749,0.681277722,0.70028007,0.415299203,0.458792311,1.776977974,-0.028208828,0.095589481,0.231235159,0.267619269,0.20955901,0.159077521,,,,,,,,,,,,,,,,,,,,,,,,,,,,
Solomon Islands,SLB,Net ODA received (% of central government expense),DT.ODA.ODAT.XP.ZS,,,,,,,,,,,,,,,,,,,,,,,,,,,,,,,,,,,,,,,,,,,,,,,,,,,,123.2799419,101.7761188,73.89631553,49.78005865,47.36668281,42.77059087,42.03819557,43.89676662,47.70659145,43.71599858,55.91548337,59.64465784,
Sierra Leone,SLE,Net ODA received (% of central government expense),DT.ODA.ODAT.XP.ZS,,,,,,,,,,,,,,,,,,,,,,,,,,,,,,,,,,,,,,,,,,,,,,,,,,,,,,,,,,,,,,,,
El Salvador,SLV,Net ODA received (% of central government expense),DT.ODA.ODAT.XP.ZS,,,,,,,,,,,,,,,,,,,,,,,,,,,,,,,,,,,,,,,14.29442857,12.32173219,10.87226693,8.965724912,9.740726541,9.203778598,8.814855946,7.260010151,4.944655741,3.101070301,5.966082494,6.444425126,6.789242399,5.89053603,4.489883494,3.344670741,1.906319079,1.681250095,2.297160013,2.443187416,3.939262173,4.551806181,4.051942088,2.488243801,8.109064334,
San Marino,SMR,Net ODA received (% of central government expense),DT.ODA.ODAT.XP.ZS,,,,,,,,,,,,,,,,,,,,,,,,,,,,,,,,,,,,,,,,,,,,,,,,,,,,,,,,,,,,,,,,
Somalia,SOM,Net ODA received (% of central government expense),DT.ODA.ODAT.XP.ZS,,,,,,,,,,,,,,,,,,,,,,,,,,,,,,,,,,,,,,,,,,,,,,,,,,,,,,,,,,16997827.38,14588019.27,14345450.24,16588979.04,,,
Serbia,SRB,Net ODA received (% of central government expense),DT.ODA.ODAT.XP.ZS,,,,,,,,,,,,,,,,,,,,,,,,,,,,,,,,,,,,,,,,,,,,,,,,5.287899378,4.984408738,3.703013301,4.326260006,7.895407637,6.807876645,3.952315788,1.826742407,1.937525979,3.969789918,10.16198596,5.760401338,2.932585414,2.05478106,2.138233812,2.153116685,
Sub-Saharan Africa (excluding high income),SSA,Net ODA received (% of central government expense),DT.ODA.ODAT.XP.ZS,,,,,,,,,,,,,,,,,,,,,,,,,,,,,,,,,,,,,,,,,,,,,,,,,,,,,,,,,,,,,,,,
South Sudan,SSD,Net ODA received (% of central government expense),DT.ODA.ODAT.XP.ZS,,,,,,,,,,,,,,,,,,,,,,,,,,,,,,,,,,,,,,,,,,,,,,,,,,,,,,,,,,,,,,,,
Sub-Saharan Africa,SSF,Net ODA received (% of central government expense),DT.ODA.ODAT.XP.ZS,,,,,,,,,,,,,,,,,,,,,,,,,,,,,,,,,,,,,,,,,,,,,,,,,,,,,,,,,,,,,,,,
Small states,SST,Net ODA received (% of central government expense),DT.ODA.ODAT.XP.ZS,,,,,,,,,,,,,,,,,,,,,,,,,,,,,,,,,,,,,,,,,,,,,,,,,,,,,,,,,,,,,,,,
Sao Tome and Principe,STP,Net ODA received (% of central government expense),DT.ODA.ODAT.XP.ZS,,,,,,,,,,,,,,,,,,,,,,,,,,,,,,,,,,,,,,,,,,,,,,,,,,,,,,,,,,,,,,,,
Suriname,SUR,Net ODA received (% of central government expense),DT.ODA.ODAT.XP.ZS,,,,,,,,,,,,,,,,,,,,,,,,,,,,,,,,,,,,,,,,,,,,,,,,,,,,,,,,,,,,,,,,
Slovak Republic,SVK,Net ODA received (% of central government expense),DT.ODA.ODAT.XP.ZS,,,,,,,,,,,,,,,,,,,,,,,,,,,,,,,,,,,,,,,,,,,,,,,,,,,,,,,,,,,,,,,,
Slovenia,SVN,Net ODA received (% of central government expense),DT.ODA.ODAT.XP.ZS,,,,,,,,,,,,,,,,,,,,,,,,,,,,,,,,,,0.148042752,0.583188416,,,,,,,,0.536655571,,,,,,,,,,,,,,,,,,,,,
Sweden,SWE,Net ODA received (% of central government expense),DT.ODA.ODAT.XP.ZS,,,,,,,,,,,,,,,,,,,,,,,,,,,,,,,,,,,,,,,,,,,,,,,,,,,,,,,,,,,,,,,,
Eswatini,SWZ,Net ODA received (% of central government expense),DT.ODA.ODAT.XP.ZS,,,,,,,,,,,,,,,,,,,,,,,,,,,,,,,,,,,,,,,,8.17796098,4.620102429,11.17539618,8.097057908,7.853643098,4.041336211,7.038276268,4.749392786,6.834487642,8.19219597,6.042104248,8.317239271,11.58346255,8.213131407,,7.965682238,8.870769204,14.26837507,12.21809003,9.760686151,6.04263486,9.776502293,10.5663223,,
Sint Maarten (Dutch part),SXM,Net ODA received (% of central government expense),DT.ODA.ODAT.XP.ZS,,,,,,,,,,,,,,,,,,,,,,,,,,,,,,,,,,,,,,,,,,,,,,,,,,,,,,,,,,,,,,,,
Seychelles,SYC,Net ODA received (% of central government expense),DT.ODA.ODAT.XP.ZS,,,,,,,,,,,,,,,,,,,,,,,,,,30.20954964,31.11289258,20.9967693,16.12957104,13.56636628,,,,8.59452653,5.68179746,5.540218665,7.439785103,6.071996505,8.685746814,4.812802541,8.900144108,,,,,6.138457228,3.989192279,1.853572792,3.105964448,10.27869199,19.41310734,8.105393182,11.80029376,7.418459502,3.071506692,1.688480278,1.21908269,3.22517734,,,,,,
Syrian Arab Republic,SYR,Net ODA received (% of central government expense),DT.ODA.ODAT.XP.ZS,,,,,,,,,,,,,,,,,,,,,,,,,,,,,,,,,,,,,,,,,,,,,,,,,,,,,,,,,,,,,,,,
Turks and Caicos Islands,TCA,Net ODA received (% of central government expense),DT.ODA.ODAT.XP.ZS,,,,,,,,,,,,,,,,,,,,,,,,,,,,,,,,,,,,,,,,,,,,,,,,,,,,,,,,,,,,,,,,
Chad,TCD,Net ODA received (% of central government expense),DT.ODA.ODAT.XP.ZS,,,,,,,,,,,,,,,,,,,,,,,,,,,,,,,,,,,,,,,,,,,,,,,,,,,,,,,,,,,,,,,,
East Asia & Pacific (IDA & IBRD countries),TEA,Net ODA received (% of central government expense),DT.ODA.ODAT.XP.ZS,,,,,,,,,,,,,,,,,,,,,,,,,,,,,,,,,,,,,,,,,,,,,,,,,,,,,,,,,,,,,,,,
Europe & Central Asia (IDA & IBRD countries),TEC,Net ODA received (% of central government expense),DT.ODA.ODAT.XP.ZS,,,,,,,,,,,,,,,,,,,,,,,,,,,,,,,,,,,,,,,,,,,,,,,,,,,,,,,,,,,,,,,,
Togo,TGO,Net ODA received (% of central government expense),DT.ODA.ODAT.XP.ZS,,,,,,,,,,,,,,,,,,,,,,,,,,,,,,,,,,,,,,,,,,,,,21.92950524,24.33181592,20.88037236,27.9768042,64.25327734,97.90529289,82.93474669,92.54682891,36.16738351,29.29312673,28.55459267,26.81354881,20.36139848,46.90962004,35.1437507,43.09926142,52.67659112,31.16716203,32.54747566,
Thailand,THA,Net ODA received (% of central government expense),DT.ODA.ODAT.XP.ZS,,,,,,,,,,,,,5.255105192,4.704601491,5.003568917,4.534151397,7.571688335,5.38124428,8.177023833,10.15443162,8.368624655,7.526336578,6.416485805,6.457093416,6.603918821,6.752478982,6.427850942,6.09785357,6.537804752,7.560811164,7.899196542,6.231480951,5.761375831,3.982043757,3.509123489,4.571944006,4.06122221,3.144495022,3.741161437,4.102677538,4.105189972,1.501413219,1.098191587,-4.149322318,0.19362134,-0.567633156,-0.641080568,-0.698184676,-1.231499762,-0.054272368,-0.034281193,-0.186268524,-0.177450767,0.034562408,0.435257357,0.075389525,0.280207638,0.286727335,-0.435024401,-0.346310375,0.173320587,0.10406229,0.502759053,
Tajikistan,TJK,Net ODA received (% of central government expense),DT.ODA.ODAT.XP.ZS,,,,,,,,,,,,,,,,,,,,,,,,,,,,,,,,,,,,,,,107.0891844,103.5738767,145.0345024,158.7127782,,76.73926575,80.20426893,,,,,,,,,,,,,,,,,49.94484324,51.42350361,
Turkmenistan,TKM,Net ODA received (% of central government expense),DT.ODA.ODAT.XP.ZS,,,,,,,,,,,,,,,,,,,,,,,,,,,,,,,,,,,,,,,,,,,,,,,,,,,,,,,,,,,,,,,,
Latin America & the Caribbean (IDA & IBRD countries),TLA,Net ODA received (% of central government expense),DT.ODA.ODAT.XP.ZS,,,,,,,,,,,,,,,,,,,,,,,,,,,,,,,,,,,,,,,,,,,,,,,,,,,,,,,,,,,,,,,,
Timor-Leste,TLS,Net ODA received (% of central government expense),DT.ODA.ODAT.XP.ZS,,,,,,,,,,,,,,,,,,,,,,,,,,,,,,,,,,,,,,,,,,,,,,,,,,,39.32341383,37.45682437,31.27318167,29.44318006,25.59196961,18.21626095,19.45398391,25.65140896,23.43734195,23.06210569,22.14718126,17.09849524,13.27311905,
Middle East & North Africa (IDA & IBRD countries),TMN,Net ODA received (% of central government expense),DT.ODA.ODAT.XP.ZS,,,,,,,,,,,,,,,,,,,,,,,,,,,,,,,,,,,,,,,,,,,,,,,,,,,,,,,,,,,,,,,,
Tonga,TON,Net ODA received (% of central government expense),DT.ODA.ODAT.XP.ZS,,,,,,,,,,,,,,,,,,,,,,,,,,,,,,,,,,,,,,,,,,,,,,,,,,,,,,64.91224709,59.96373049,51.72031118,63.03373411,59.46073943,63.53652157,69.62920623,102.1675742,,,
South Asia (IDA & IBRD),TSA,Net ODA received (% of central government expense),DT.ODA.ODAT.XP.ZS,,,,,,,,,,,,,,,,,,,,,,,,,,,,,,,,,,,,,,,,,,,,,,,,,,,,,,,,,,,,,,,,
Sub-Saharan Africa (IDA & IBRD countries),TSS,Net ODA received (% of central government expense),DT.ODA.ODAT.XP.ZS,,,,,,,,,,,,,,,,,,,,,,,,,,,,,,,,,,,,,,,,,,,,,,,,,,,,,,,,,,,,,,,,
Trinidad and Tobago,TTO,Net ODA received (% of central government expense),DT.ODA.ODAT.XP.ZS,,,,,,,,,,,,,,,,,,,,,,,,,,,,,,,,,,,,,,,,,,-0.293481766,-0.420400977,-0.125678664,-0.050602869,-0.066566998,0.226750275,0.385871588,0.126102346,0.105854026,0.063805068,,,,,,,,,,,,,
Tunisia,TUN,Net ODA received (% of central government expense),DT.ODA.ODAT.XP.ZS,,,,,,,,,,,,,25.81258106,22.85108169,22.67264807,21.01261624,20.39138218,18.23452964,19.17796015,10.3014557,10.44410064,10.91221472,8.343584738,7.889182757,6.890661162,6.317297286,7.821682611,9.563979641,10.19873194,8.694266176,10.5017848,9.208052863,9.052686937,5.854379244,2.412958547,1.473551637,2.311746064,3.745452294,2.779156298,4.429619595,4.147448534,6.683395403,3.658958442,4.331232571,4.151515226,4.364589472,4.915573548,3.226418966,3.107154134,4.109245499,4.452915486,5.84303284,6.398598313,,,,,,,,,,,
Turkiye,TUR,Net ODA received (% of central government expense),DT.ODA.ODAT.XP.ZS,,,,,,,,,,,,,7.552528824,2.106860208,1.153793072,0.892977125,1.739844677,0.995350796,1.659307092,3.477411934,7.590680164,6.495621512,,3.437006212,2.287792167,1.601461624,3.286589912,3.008492803,2.147338187,0.902693787,5.658154269,5.54246869,1.186818248,1.0820302,0.692120306,0.883721813,0.538699599,0.012912754,0.046591187,,,,,,,,,,0.48057039,0.587590538,0.410898206,1.292167303,1.194823944,1.021008788,1.249571079,0.857771868,1.354160879,1.159044242,0.457692185,0.258697487,0.220980123,0.417684921,0.297336509,
Tuvalu,TUV,Net ODA received (% of central government expense),DT.ODA.ODAT.XP.ZS,,,,,,,,,,,,,,,,,,,,,,,,,,,,,,,,,,,,,,,,,,,,,,,,,,,,,,,,,,,,,,,,
Tanzania,TZA,Net ODA received (% of central government expense),DT.ODA.ODAT.XP.ZS,,,,,,,,,,,,,,,,,,,,,,,,,,,,,,,,,,,,,,,,,,,,,,,,,,50.96725933,70.09160491,49.0098327,50.77637536,50.71093775,32.97656085,36.66002109,34.83313265,30.83693961,29.55148118,,24.11316475,24.4967759,20.853291,
Uganda,UGA,Net ODA received (% of central government expense),DT.ODA.ODAT.XP.ZS,,,,,,,,,,,,,,,,,,,,,,,,,,,,,,,,,,,,,,,,,,,,,,,,,,,,,,,,47.00305405,53.34961973,58.12419582,49.92321148,42.48335936,60.03400035,40.58381254,27.38178391,
Ukraine,UKR,Net ODA received (% of central government expense),DT.ODA.ODAT.XP.ZS,,,,,,,,,,,,,,,,,,,,,,,,,,,,,,,,,,,,,,,,,,,,,,1.301445496,1.222371213,0.843931982,0.919207286,1.371936771,1.17595577,1.245802736,1.069437669,1.073092277,2.415027833,4.260646466,4.87020721,3.134271008,2.797248858,2.201070529,4.011191038,3.332878373,30.63699233,
Upper middle income,UMC,Net ODA received (% of central government expense),DT.ODA.ODAT.XP.ZS,,,,,,,,,,,,,,,,,,,,,,,,,,,,,,,,,,,,,,,,,,,,,,,,,,,,,,,,,,,,,,,,
Uruguay,URY,Net ODA received (% of central government expense),DT.ODA.ODAT.XP.ZS,,,,,,,,,,,,,4.07088497,2.500155253,0.568678467,0.61137047,0.801543005,1.539236144,0.493249326,0.532739534,0.420740911,0.367456915,0.24780807,0.441470478,0.485633773,0.683522362,1.960643652,0.947105701,1.847971505,1.596204658,2.253575457,1.597093768,2.037738772,2.629548248,1.422614119,1.317864888,0.641617354,0.590699131,0.415644567,0.403978245,0.355622807,0.288113912,0.427140186,0.513641702,0.672632559,0.397737131,0.467696493,0.597216688,0.422655043,0.54998826,0.387368544,0.130562989,0.110983415,0.203411428,0.50337744,0.135877691,0.090144278,0.204990323,,,,,,
United States,USA,Net ODA received (% of central government expense),DT.ODA.ODAT.XP.ZS,,,,,,,,,,,,,,,,,,,,,,,,,,,,,,,,,,,,,,,,,,,,,,,,,,,,,,,,,,,,,,,,
Uzbekistan,UZB,Net ODA received (% of central government expense),DT.ODA.ODAT.XP.ZS,,,,,,,,,,,,,,,,,,,,,,,,,,,,,,,,,,,,,,,,,,,,,,,,,,,,1.669351892,2.658350023,2.662439088,2.682761704,3.473091964,4.138775743,7.213502561,12.26020715,11.42318203,11.55540346,6.545181202,7.656650612,
St. Vincent and the Grenadines,VCT,Net ODA received (% of central government expense),DT.ODA.ODAT.XP.ZS,,,,,,,,,,,,,,,,,,,,,,,,,,,,,,,,,,,,,,,,,7.068621106,8.474779256,4.518505939,6.212226277,9.915169451,6.552571186,3.646197957,45.74350513,15.98136544,16.02999677,9.615290356,9.684048788,4.589129169,4.682675613,5.247096918,7.106648469,4.784796784,5.681588168,,,,,,
"Venezuela, RB",VEN,Net ODA received (% of central government expense),DT.ODA.ODAT.XP.ZS,,,,,,,,,,,,,,,,,,,,,,,,,,,,,,,,,,,,,,,,,,,,,,,,,,,,,,,,,,,,,,,,
British Virgin Islands,VGB,Net ODA received (% of central government expense),DT.ODA.ODAT.XP.ZS,,,,,,,,,,,,,,,,,,,,,,,,,,,,,,,,,,,,,,,,,,,,,,,,,,,,,,,,,,,,,,,,
Virgin Islands (U.S.),VIR,Net ODA received (% of central government expense),DT.ODA.ODAT.XP.ZS,,,,,,,,,,,,,,,,,,,,,,,,,,,,,,,,,,,,,,,,,,,,,,,,,,,,,,,,,,,,,,,,
Viet Nam,VNM,Net ODA received (% of central government expense),DT.ODA.ODAT.XP.ZS,,,,,,,,,,,,,,,,,,,,,,,,,,,,,,,,,,,,,,,,,,,,,,,,,,,,,,,,,,,,,,,,
Vanuatu,VUT,Net ODA received (% of central government expense),DT.ODA.ODAT.XP.ZS,,,,,,,,,,,,,,,,,,,,,,,,,,,,,,,140.694516,,,,,86.49282873,52.98938489,48.82628992,58.76841509,61.67203179,,,,,,,,,,81.66413713,70.21213759,53.22414691,59.93789424,55.02390135,56.44618157,106.1660622,64.70268733,55.993614,55.86905763,50.08875839,49.76043728,51.26124011,,
World,WLD,Net ODA received (% of central government expense),DT.ODA.ODAT.XP.ZS,,,,,,,,,,,,,,,,,,,,,,,,,,,,,,,,,,,,,,,,,,,,,,,,,,,,,,,,,,,,,,,,
Samoa,WSM,Net ODA received (% of central government expense),DT.ODA.ODAT.XP.ZS,,,,,,,,,,,,,,,,,,,,,,,,,,,,,,,,,,,,,,,,,,,,,,,,,,,,,52.6621186,49.27169046,38.38798294,39.75678,42.03262475,63.04441398,56.1870294,50.31567639,64.40514416,28.51574819,,
Kosovo,XKX,Net ODA received (% of central government expense),DT.ODA.ODAT.XP.ZS,,,,,,,,,,,,,,,,,,,,,,,,,,,,,,,,,,,,,,,,,,,,,,,,,,,,,,,,,,,,,,,,
"Yemen, Rep.",YEM,Net ODA received (% of central government expense),DT.ODA.ODAT.XP.ZS,,,,,,,,,,,,,,,,,,,,,,,,,,,,,,,,,,,,,,,,,,,,,,,,,,,,,,,,,,,,,,,,
South Africa,ZAF,Net ODA received (% of central government expense),DT.ODA.ODAT.XP.ZS,,,,,,,,,,,,,,,,,,,,,,,,,,,,,,,,,,0.630235877,0.739688557,0.861813779,0.821566742,1.136309177,1.312675334,1.417021548,1.321422315,1.301000895,1.65844346,1.315813301,0.964410612,0.921141408,0.921060754,0.91531645,1.297684084,1.118963502,0.839453184,0.981529644,0.808019245,1.033677665,0.88585341,1.216285654,1.133129622,0.800079504,0.66848174,0.715165581,0.940839311,0.716661027,0.754997831,
Zambia,ZMB,Net ODA received (% of central government expense),DT.ODA.ODAT.XP.ZS,,,,,,,,,,,,,,,,,,,,,,,,,,,,,,,,,,,,,,,50.18418571,114.1724107,,98.8506267,136.4019134,99.83280352,103.9733089,71.0181755,80.96237174,45.10215738,35.99244808,55.26036484,30.9251535,30.39067269,22.7013366,22.87949357,18.14796673,16.15566651,20.57828462,19.22101205,18.90452564,18.52086014,22.07974009,19.58160184,,
Zimbabwe,ZWE,Net ODA received (% of central government expense),DT.ODA.ODAT.XP.ZS,,,,,,,,,,,,,,,,,,,,,,,,,,,,,,,,,,,,,,,,,,,,,,,,,,80.50334742,36.70527076,26.85949179,28.95418576,,,18.10562595,12.61633914,14.52670672,21.19161595,,,,,